/*
 Navicat Premium Data Transfer

 Source Server         : local_mysql
 Source Server Type    : MySQL
 Source Server Version : 80042 (8.0.42)
 Source Host           : localhost:3306
 Source Schema         : ruoyi_vue_plus_online_exam

 Target Server Type    : MySQL
 Target Server Version : 80042 (8.0.42)
 File Encoding         : 65001

 Date: 03/10/2025 16:12:59
*/

SET NAMES utf8mb4;
SET FOREIGN_KEY_CHECKS = 0;

-- ----------------------------
-- Table structure for edu_question
-- ----------------------------
DROP TABLE IF EXISTS `edu_question`;
CREATE TABLE `edu_question`  (
  `id` bigint NOT NULL AUTO_INCREMENT COMMENT '试题ID',
  `tenant_id` varchar(20) CHARACTER SET utf8mb4 COLLATE utf8mb4_0900_ai_ci NOT NULL COMMENT '租户编号',
  `bank_id` bigint NOT NULL COMMENT '题库ID',
  `question_type` char(1) CHARACTER SET utf8mb4 COLLATE utf8mb4_0900_ai_ci NOT NULL COMMENT '题目类型（1-单选 2-多选 3-判断）',
  `question_title` text CHARACTER SET utf8mb4 COLLATE utf8mb4_0900_ai_ci NOT NULL COMMENT '题目',
  `options` json NULL COMMENT '选项内容（JSON格式，判断题可为空）',
  `correct_answer` varchar(255) CHARACTER SET utf8mb4 COLLATE utf8mb4_0900_ai_ci NOT NULL COMMENT '正确答案',
  `answer_analysis` text CHARACTER SET utf8mb4 COLLATE utf8mb4_0900_ai_ci NULL COMMENT '答案解析',
  `difficulty` char(1) CHARACTER SET utf8mb4 COLLATE utf8mb4_0900_ai_ci NULL DEFAULT '2' COMMENT '难度等级（1-简单 2-中等 3-困难）',
  `score` decimal(5, 2) NULL DEFAULT 1.00 COMMENT '题目分值',
  `status` char(1) CHARACTER SET utf8mb4 COLLATE utf8mb4_0900_ai_ci NULL DEFAULT '0' COMMENT '状态（0正常 1停用）',
  `remark` varchar(500) CHARACTER SET utf8mb4 COLLATE utf8mb4_0900_ai_ci NULL DEFAULT NULL COMMENT '备注',
  `create_dept` bigint NULL DEFAULT NULL COMMENT '创建部门',
  `create_time` datetime NULL DEFAULT NULL COMMENT '创建时间',
  `create_by` bigint NULL DEFAULT NULL COMMENT '创建人',
  `update_time` datetime NULL DEFAULT NULL COMMENT '更新时间',
  `update_by` bigint NULL DEFAULT NULL COMMENT '更新人',
  PRIMARY KEY (`id`) USING BTREE
) ENGINE = InnoDB AUTO_INCREMENT = 1974001927466979361 CHARACTER SET = utf8mb4 COLLATE = utf8mb4_0900_ai_ci COMMENT = '试题表' ROW_FORMAT = Dynamic;

-- ----------------------------
-- Records of edu_question
-- ----------------------------
INSERT INTO `edu_question` VALUES (1, '000000', 1973944395251740674, '1', '下列词语中加点字的读音，完全正确的一项是？', '{\"A\": \"惩(chéng)罚\", \"B\": \"应(yīng)届\", \"C\": \"参(cēn)差不齐\", \"D\": \"提(dī)防\"}', 'A', 'B项应读yìng；C项应读cī；D项应读tí。', '1', 2.00, '0', NULL, NULL, '2025-10-03 14:41:22', NULL, '2025-10-03 14:41:22', NULL);
INSERT INTO `edu_question` VALUES (2, '000000', 1973944395251740674, '3', '《朝花夕拾》是鲁迅先生唯一的一本散文集。', '{\"A\": \"正确\", \"B\": \"错误\"}', 'A', '《朝花夕拾》确实是鲁迅先生创作的唯一一部回忆性散文集，收录了鲁迅先生记叙他童年和青年时代生活的10篇文章。', '1', 2.00, '0', NULL, NULL, '2025-10-03 14:41:22', NULL, '2025-10-03 14:41:22', NULL);
INSERT INTO `edu_question` VALUES (3, '000000', 1973944395251740674, '1', '下列句子中没有使用修辞手法的一项是？', '{\"A\": \"太阳的脸红起来了。\", \"B\": \"危楼高百尺，手可摘星辰。\", \"C\": \"春天像刚落地的娃娃。\", \"D\": \"今天天气真好。\"}', 'D', 'A项是拟人，B项是夸张，C项是比喻。D项是陈述句，没有使用修辞手法。', '1', 2.00, '0', NULL, NULL, '2025-10-03 14:41:22', NULL, '2025-10-03 14:41:22', NULL);
INSERT INTO `edu_question` VALUES (4, '000000', 1973944395251740674, '2', '下列作家中，属于“唐宋八大家”的有？', '{\"A\": \"李白\", \"B\": \"韩愈\", \"C\": \"苏轼\", \"D\": \"杜甫\", \"E\": \"欧阳修\"}', 'B,C,E', '唐宋八大家指的是唐代的韩愈、柳宗元和宋代的欧阳修、苏洵、苏轼、苏辙、王安石、曾巩。李白和杜甫是唐代伟大的诗人，但不属于“唐宋八大家”。', '2', 3.00, '0', NULL, NULL, '2025-10-03 14:41:22', NULL, '2025-10-03 14:41:22', NULL);
INSERT INTO `edu_question` VALUES (5, '000000', 1973944395251740674, '3', '“山”是一个会意字。', '{\"A\": \"正确\", \"B\": \"错误\"}', 'B', '“山”是根据山的形状描画出来的，属于象形字。会意字是由两个或两个以上的独体字组合而成的，例如“休”字。', '2', 2.00, '0', NULL, NULL, '2025-10-03 14:41:22', NULL, '2025-10-03 14:41:22', NULL);
INSERT INTO `edu_question` VALUES (6, '000000', 1973944395251740674, '1', '《论语》中“学而不思则罔”的下一句是？', '{\"A\": \"思而不学则殆\", \"B\": \"温故而知新\", \"C\": \"三人行，必有我师焉\", \"D\": \"学而时习之\"}', 'A', '这句话出自《论语·为政》，意思是“只学习却不思考，就会感到迷茫而无所适从；只空想却不学习，就会弄得精神疲惫而无所得。”', '1', 2.00, '0', NULL, NULL, '2025-10-03 14:41:22', NULL, '2025-10-03 14:41:22', NULL);
INSERT INTO `edu_question` VALUES (7, '000000', 1973944395251740674, '2', '下列课文中，出自《朝花夕拾》的有？', '{\"A\": \"《从百草园到三味书屋》\", \"B\": \"《春》\", \"C\": \"《藤野先生》\", \"D\": \"《风筝》\", \"E\": \"《济南的冬天》\"}', 'A,C,D', '《春》是朱自清的作品，《济南的冬天》是老舍的作品。其余三篇均出自鲁迅的散文集《朝花夕拾》。', '2', 3.00, '0', NULL, NULL, '2025-10-03 14:41:22', NULL, '2025-10-03 14:41:22', NULL);
INSERT INTO `edu_question` VALUES (8, '000000', 1973944395251740674, '1', '下列句子中加点的成语使用不恰当的一项是？', '{\"A\": \"他设计的这座建筑真是别出心裁，令人赞叹。\", \"B\": \"考试前夕，他还在滔滔不绝地玩游戏，一点也不紧张。\", \"C\": \"看到那壮丽的山河，我们不禁心旷神怡。\", \"D\": \"这位老科学家的事迹感人肺腑，催人奋进。\"}', 'B', '“滔滔不绝”形容说话连续而不间断，不能用来形容玩游戏。', '2', 2.00, '0', NULL, NULL, '2025-10-03 14:41:22', NULL, '2025-10-03 14:41:22', NULL);
INSERT INTO `edu_question` VALUES (9, '000000', 1973944395251740674, '3', '冰心的原名叫谢婉莹。', '{\"A\": \"正确\", \"B\": \"错误\"}', 'A', '冰心是中国现代著名女作家，原名谢婉莹，福建长乐人。', '1', 2.00, '0', NULL, NULL, '2025-10-03 14:41:22', NULL, '2025-10-03 14:41:22', NULL);
INSERT INTO `edu_question` VALUES (10, '000000', 1973944395251740674, '1', '“海内存知己，天涯若比邻”出自哪位诗人之手？', '{\"A\": \"李白\", \"B\": \"杜甫\", \"C\": \"王勃\", \"D\": \"王维\"}', 'C', '该句出自初唐诗人王勃的《送杜少府之任蜀州》，是千古传诵的名句。', '2', 2.00, '0', NULL, NULL, '2025-10-03 14:41:22', NULL, '2025-10-03 14:41:22', NULL);
INSERT INTO `edu_question` VALUES (11, '000000', 1973944395251740674, '1', '下列词语中没有错别字的一项是？', '{\"A\": \"再接再励\", \"B\": \"变本加利\", \"C\": \"迫不及待\", \"D\": \"天翻地复\"}', 'C', 'A项应为“再接再厉”，B项应为“变本加厉”，D项应为“天翻地覆”。', '1', 2.00, '0', NULL, NULL, '2025-10-03 14:41:22', NULL, '2025-10-03 14:41:22', NULL);
INSERT INTO `edu_question` VALUES (12, '000000', 1973944395251740674, '3', '《皇帝的新装》的作者是德国的安徒生。', '{\"A\": \"正确\", \"B\": \"错误\"}', 'B', '安徒生是丹麦著名童话作家，不是德国人。', '2', 2.00, '0', NULL, NULL, '2025-10-03 14:41:22', NULL, '2025-10-03 14:41:22', NULL);
INSERT INTO `edu_question` VALUES (13, '000000', 1973944395251740674, '2', '下列句子中，属于病句的有？', '{\"A\": \"通过这次活动，使我们受到了深刻的教育。\", \"B\": \"我们要不断改进学习方法，以提高学习效率。\", \"C\": \"是否能够保护环境，是衡量一个国家文明程度的标准。\", \"D\": \"操场上到处是同学们的欢声笑语。\"}', 'A,C', 'A项缺少主语，应去掉“使”。C项两面对一面，应去掉“是否能够”。', '3', 4.00, '0', NULL, NULL, '2025-10-03 14:41:22', NULL, '2025-10-03 14:41:22', NULL);
INSERT INTO `edu_question` VALUES (14, '000000', 1973944395251740674, '1', '《木兰诗》选自？', '{\"A\": \"《诗经》\", \"B\": \"《乐府诗集》\", \"C\": \"《楚辞》\", \"D\": \"《古诗十九首》\"}', 'B', '《木兰诗》又名《木兰辞》，是北朝民歌，选自宋代郭茂倩编的《乐府诗集》。', '2', 2.00, '0', NULL, NULL, '2025-10-03 14:41:22', NULL, '2025-10-03 14:41:22', NULL);
INSERT INTO `edu_question` VALUES (15, '000000', 1973944395251740674, '3', '成语“差强人意”的意思是“不太令人满意”。', '{\"A\": \"正确\", \"B\": \"错误\"}', 'B', '“差强人意”的“差”是“稍微、尚且”的意思，整个成语指大体上还能使人满意，是一个褒义词。', '3', 2.00, '0', NULL, NULL, '2025-10-03 14:41:22', NULL, '2025-10-03 14:41:22', NULL);
INSERT INTO `edu_question` VALUES (16, '000000', 1973944395251740674, '1', '“人固有一死，或重于泰山，或轻于鸿毛”这句话是谁说的？', '{\"A\": \"孔子\", \"B\": \"孟子\", \"C\": \"司马迁\", \"D\": \"屈原\"}', 'C', '这句话出自司马迁的《报任安书》，用以表达作者对生死价值观的看法。', '2', 2.00, '0', NULL, NULL, '2025-10-03 14:41:22', NULL, '2025-10-03 14:41:22', NULL);
INSERT INTO `edu_question` VALUES (17, '000000', 1973944395251740674, '3', '“不知细叶谁裁出，二月春风似剪刀”运用了拟人的修辞手法。', '{\"A\": \"正确\", \"B\": \"错误\"}', 'B', '这句诗将“春风”比作“剪刀”，属于比喻修辞手法中的明喻。', '2', 2.00, '0', NULL, NULL, '2025-10-03 14:41:22', NULL, '2025-10-03 14:41:22', NULL);
INSERT INTO `edu_question` VALUES (18, '000000', 1973944395251740674, '1', '“居”在“居高临下”中的意思是？', '{\"A\": \"居住\", \"B\": \"占据，处于\", \"C\": \"储存\", \"D\": \"居然\"}', 'B', '“居高临下”意思是占据高处，俯视下方，形容处于有利的位置。所以“居”是“处于”的意思。', '1', 2.00, '0', NULL, NULL, '2025-10-03 14:41:22', NULL, '2025-10-03 14:41:22', NULL);
INSERT INTO `edu_question` VALUES (19, '000000', 1973944395251740674, '2', '下列诗句中，描写春天的有？', '{\"A\": \"春色满园关不住，一枝红杏出墙来。\", \"B\": \"停车坐爱枫林晚，霜叶红于二月花。\", \"C\": \"等闲识得东风面，万紫千红总是春。\", \"D\": \"月落乌啼霜满天，江枫渔火对愁眠。\"}', 'A,C', 'B项描写的是秋景，D项描写的也是秋夜的景色。A和C明确描绘了春天的景象。', '1', 3.00, '0', NULL, NULL, '2025-10-03 14:41:22', NULL, '2025-10-03 14:41:22', NULL);
INSERT INTO `edu_question` VALUES (20, '000000', 1973944395251740674, '1', '《世说新语》是一部主要记载什么时期人物言谈轶事的笔记小说？', '{\"A\": \"春秋战国\", \"B\": \"秦汉\", \"C\": \"汉末到东晋\", \"D\": \"唐宋\"}', 'C', '《世说新语》是南朝宋临川王刘义庆组织一批文人编写的，主要记述了从汉末到东晋时期文人名士的言行风貌和趣闻轶事。', '3', 2.00, '0', NULL, NULL, '2025-10-03 14:41:22', NULL, '2025-10-03 14:41:22', NULL);
INSERT INTO `edu_question` VALUES (21, '000000', 1973944395251740674, '3', '“亡羊补牢”这个成语告诉我们，事情失败后弥补已经太晚了。', '{\"A\": \"正确\", \"B\": \"错误\"}', 'B', '“亡羊补牢”的意思是羊丢失了再去修补羊圈，还不算晚。比喻出了问题以后想办法补救，可以防止继续受损失。', '1', 2.00, '0', NULL, NULL, '2025-10-03 14:41:22', NULL, '2025-10-03 14:41:22', NULL);
INSERT INTO `edu_question` VALUES (22, '000000', 1973944395251740674, '1', '在《天上的街市》一诗中，作者把天上的街灯想象成了什么？', '{\"A\": \"人间的灯火\", \"B\": \"点亮的明星\", \"C\": \"天上的珍宝\", \"D\": \"仙人的眼睛\"}', 'A', '诗歌原文是“我想那缥缈的空中，定然有美丽的街市。街市上陈列的一些物品，定然是世上没有的珍奇。你看，那浅浅的天河，定然是不甚宽广。那隔着河的牛郎织女，定能够骑着牛儿来往。我想他们此刻，定然在天街闲游。不信，请看那朵流星，是他们提着灯笼在走。”，诗人由地上的街灯联想到天上的街市。', '1', 2.00, '0', NULL, NULL, '2025-10-03 14:41:22', NULL, '2025-10-03 14:41:22', NULL);
INSERT INTO `edu_question` VALUES (23, '000000', 1973944395251740674, '2', '下列关于说明文的说法，正确的有？', '{\"A\": \"说明文以说明为主要表达方式。\", \"B\": \"列数字、举例子、打比方是常见的说明方法。\", \"C\": \"说明文必须是客观的，不能带有任何感情色彩。\", \"D\": \"说明文的语言要求准确、平实、简洁。\"}', 'A,B,D', 'C项说法过于绝对，有些事物说明文（如《中国石拱桥》）在说明事物的同时，也会融入作者的情感，即“平实说明”和“生动说明”的区别。', '2', 3.00, '0', NULL, NULL, '2025-10-03 14:41:22', NULL, '2025-10-03 14:41:22', NULL);
INSERT INTO `edu_question` VALUES (24, '000000', 1973944395251740674, '1', '《伤仲永》一文揭示的道理是？', '{\"A\": \"人的天资是决定成才的唯一因素。\", \"B\": \"后天教育和努力学习对成才至关重要。\", \"C\": \"家庭环境对人的成长没有影响。\", \"D\": \"神童最终都会变得平庸。\"}', 'B', '文章通过方仲永从天资过人到“泯然众人”的变化，说明了后天教育和勤奋学习对于一个人成才的重要性。', '2', 2.00, '0', NULL, NULL, '2025-10-03 14:41:22', NULL, '2025-10-03 14:41:22', NULL);
INSERT INTO `edu_question` VALUES (25, '000000', 1973944395251740674, '3', '“白发三千丈，缘愁似个长”这句诗运用了比喻的修辞手法。', '{\"A\": \"正确\", \"B\": \"错误\"}', 'B', '这句诗将愁绪的长度比作三千丈的白发，属于夸张的修辞手法，而非比喻。', '2', 2.00, '0', NULL, NULL, '2025-10-03 14:41:22', NULL, '2025-10-03 14:41:22', NULL);
INSERT INTO `edu_question` VALUES (26, '000000', 1973944395251740674, '1', '下列标点符号使用正确的一项是？', '{\"A\": \"春天来了，百花盛开，例如：桃花、梨花、杏花等。\", \"B\": \"他说：“我今天一定要完成这个任务”。\", \"C\": \"你明天到底去不去？请尽快答复我。\", \"D\": \"我们应该学习他的大公无私，舍己为人的精神。\"}', 'C', 'A项“例如”后应用逗号。B项句号应在引号内。D项“大公无私”和“舍己为人”之间应用顿号。', '2', 2.00, '0', NULL, NULL, '2025-10-03 14:41:22', NULL, '2025-10-03 14:41:22', NULL);
INSERT INTO `edu_question` VALUES (27, '000000', 1973944395251740674, '2', '下列加点词的古今意义相同的有？', '{\"A\": \"阡陌交通，鸡犬相闻。（交通）\", \"B\": \"率妻子邑人来此绝境。（妻子）\", \"C\": \"此人一一为具言所闻。（一一）\", \"D\": \"学而时习之。（学习）\"}', 'C,D', 'A项“交通”古义是“交错相通”，今义是运输和邮电事业的总称。B项“妻子”古义是“妻子和儿女”，今义专指男子的配偶。C项“一一”古今意义都是“一个一个地”。D项“学习”古今意义基本相同。', '3', 3.00, '0', NULL, NULL, '2025-10-03 14:41:22', NULL, '2025-10-03 14:41:22', NULL);
INSERT INTO `edu_question` VALUES (28, '000000', 1973944395251740674, '1', '被称为“诗仙”的唐代诗人是？', '{\"A\": \"杜甫\", \"B\": \"李白\", \"C\": \"白居易\", \"D\": \"王维\"}', 'B', '李白因其诗歌雄奇奔放，飘逸不群，被后人誉为“诗仙”。杜甫被称为“诗圣”，白居易被称为“诗魔”，王维被称为“诗佛”。', '1', 2.00, '0', NULL, NULL, '2025-10-03 14:41:22', NULL, '2025-10-03 14:41:22', NULL);
INSERT INTO `edu_question` VALUES (29, '000000', 1973944395251740674, '3', '小说的三要素是人物、情节和环境。', '{\"A\": \"正确\", \"B\": \"错误\"}', 'A', '人物形象、故事情节和典型环境是构成小说的三个基本要素。', '1', 2.00, '0', NULL, NULL, '2025-10-03 14:41:22', NULL, '2025-10-03 14:41:22', NULL);
INSERT INTO `edu_question` VALUES (30, '000000', 1973944395251740674, '1', '《春》的作者是？', '{\"A\": \"鲁迅\", \"B\": \"老舍\", \"C\": \"朱自清\", \"D\": \"茅盾\"}', 'C', '《春》是中国现代散文家朱自清的代表作之一，描绘了春天生机勃勃的景象。', '1', 2.00, '0', NULL, NULL, '2025-10-03 14:41:22', NULL, '2025-10-03 14:41:22', NULL);
INSERT INTO `edu_question` VALUES (1974001927466979331, '000000', 1974008748755849218, '1', '-5的绝对值是？', '{\"A\": \"5\", \"B\": \"-5\", \"C\": \"1/5\", \"D\": \"±5\"}', 'A', '一个负数的绝对值是它的相反数，所以|-5|=5。', '1', 2.00, '0', '有理数-绝对值', NULL, '2025-10-03 15:15:14', NULL, '2025-10-03 15:15:14', NULL);
INSERT INTO `edu_question` VALUES (1974001927466979332, '000000', 1974008748755849218, '3', '0是最小的有理数。', '{\"A\": \"正确\", \"B\": \"错误\"}', 'B', '有理数包括正数、0和负数。负数比0小，且负数没有最小值，所以该说法错误。', '1', 2.00, '0', '有理数-概念', NULL, '2025-10-03 15:15:14', NULL, '2025-10-03 15:15:14', NULL);
INSERT INTO `edu_question` VALUES (1974001927466979333, '000000', 1974008748755849218, '1', '合并同类项 3a + 2a 的结果是？', '{\"A\": \"5a²\", \"B\": \"6a\", \"C\": \"5a\", \"D\": \"6a²\"}', 'C', '同类项合并，系数相加，字母和字母的指数不变。所以 3a + 2a = (3+2)a = 5a。', '1', 2.00, '0', '整式加减-同类项', NULL, '2025-10-03 15:15:14', NULL, '2025-10-03 15:15:14', NULL);
INSERT INTO `edu_question` VALUES (1974001927466979334, '000000', 1974008748755849218, '2', '下列图形中，属于立体图形的有？', '{\"A\": \"三角形\", \"B\": \"圆柱体\", \"C\": \"正方形\", \"D\": \"球体\", \"E\": \"长方形\"}', 'B,D', '三角形、正方形、长方形都属于平面图形。圆柱体和球体是立体图形，占据一定的空间。', '1', 3.00, '0', '几何图形初步', NULL, '2025-10-03 15:15:14', NULL, '2025-10-03 15:15:14', NULL);
INSERT INTO `edu_question` VALUES (1974001927466979335, '000000', 1974008748755849218, '1', '方程 2x - 1 = 5 的解是？', '{\"A\": \"x = 1\", \"B\": \"x = 2\", \"C\": \"x = 3\", \"D\": \"x = 4\"}', 'C', '移项得 2x = 5 + 1，即 2x = 6。两边同时除以2，得 x = 3。', '1', 2.00, '0', '一元一次方程-求解', NULL, '2025-10-03 15:15:14', NULL, '2025-10-03 15:15:14', NULL);
INSERT INTO `edu_question` VALUES (1974001927466979336, '000000', 1974008748755849218, '3', '两点之间，线段最短。', '{\"A\": \"正确\", \"B\": \"错误\"}', 'A', '这是公理，即两点之间所有连线中，线段的长度最短。', '1', 2.00, '0', '几何图形初步-公理', NULL, '2025-10-03 15:15:14', NULL, '2025-10-03 15:15:14', NULL);
INSERT INTO `edu_question` VALUES (1974001927466979337, '000000', 1974008748755849218, '1', '用科学记数法表示数 360000，正确的是？', '{\"A\": \"3.6 × 10⁶\", \"B\": \"3.6 × 10⁵\", \"C\": \"36 × 10⁴\", \"D\": \"0.36 × 10⁶\"}', 'B', '科学记数法的形式是 a × 10ⁿ，其中 1 ≤ |a| < 10，n为整数。将360000的小数点向左移动5位得到3.6，所以n=5。', '2', 2.00, '0', '有理数-科学记数法', NULL, '2025-10-03 15:15:14', NULL, '2025-10-03 15:15:14', NULL);
INSERT INTO `edu_question` VALUES (1974001927466979338, '000000', 1974008748755849218, '2', '如果两条直线平行，那么下列结论正确的有？', '{\"A\": \"同位角相等\", \"B\": \"内错角相等\", \"C\": \"同旁内角相等\", \"D\": \"同旁内角互补\"}', 'A,B,D', '平行线的性质：两直线平行，同位角相等；两直线平行，内错角相等；两直线平行，同旁内角互补。C项错误。', '2', 3.00, '0', '平行线性质', NULL, '2025-10-03 15:15:14', NULL, '2025-10-03 15:15:14', NULL);
INSERT INTO `edu_question` VALUES (1974001927466979339, '000000', 1974008748755849218, '1', '单项式 -2xy² 的系数和次数分别是？', '{\"A\": \"-2, 2\", \"B\": \"-2, 3\", \"C\": \"2, 2\", \"D\": \"2, 3\"}', 'B', '系数是数字因数，即-2。次数是所有字母的指数之和，即x的1次与y的2次之和，为1+2=3。', '2', 2.00, '0', '整式加减-概念', NULL, '2025-10-03 15:15:14', NULL, '2025-10-03 15:15:14', NULL);
INSERT INTO `edu_question` VALUES (1974001927466979340, '000000', 1974008748755849218, '3', '相等的角是对顶角。', '{\"A\": \"正确\", \"B\": \"错误\"}', 'B', '对顶角一定相等，但相等的角不一定是对顶角。例如，两个45°的角并排放置，它们相等但不是对顶角。', '2', 2.00, '0', '相交线-对顶角', NULL, '2025-10-03 15:15:14', NULL, '2025-10-03 15:15:14', NULL);
INSERT INTO `edu_question` VALUES (1974001927466979341, '000000', 1974008748755849218, '1', '若一个角的补角是130°，则这个角的余角是？', '{\"A\": \"40°\", \"B\": \"50°\", \"C\": \"60°\", \"D\": \"140°\"}', 'A', '这个角 = 180° - 130° = 50°。这个角的余角 = 90° - 50° = 40°。', '2', 2.00, '0', '几何-余角和补角', NULL, '2025-10-03 15:15:14', NULL, '2025-10-03 15:15:14', NULL);
INSERT INTO `edu_question` VALUES (1974001927466979342, '000000', 1974008748755849218, '1', '下列运算中，正确的是？', '{\"A\": \"3x + 2y = 5xy\", \"B\": \"x² + x² = x⁴\", \"C\": \"5a² - 2a² = 3a²\", \"D\": \"(a-b)² = a²-b²\"}', 'C', 'A项不是同类项，不能合并。B项 x²+x²=2x²。C项正确，合并同类项。D项是完全平方公式，(a-b)² = a²-2ab+b²。', '2', 2.00, '0', '整式运算', NULL, '2025-10-03 15:15:14', NULL, '2025-10-03 15:15:14', NULL);
INSERT INTO `edu_question` VALUES (1974001927466979343, '000000', 1974008748755849218, '3', '方程 3x = 3y 是一个一元一次方程。', '{\"A\": \"正确\", \"B\": \"错误\"}', 'B', '该方程含有x和y两个未知数，属于二元一次方程。一元一次方程只含有一个未知数，并且未知数的次数是1。', '1', 2.00, '0', '方程概念', NULL, '2025-10-03 15:15:14', NULL, '2025-10-03 15:15:14', NULL);
INSERT INTO `edu_question` VALUES (1974001927466979344, '000000', 1974008748755849218, '1', '点 P(-2, 3) 位于哪个象限？', '{\"A\": \"第一象限\", \"B\": \"第二象限\", \"C\": \"第三象限\", \"D\": \"第四象限\"}', 'B', '横坐标为负，纵坐标为正的点位于第二象限。', '1', 2.00, '0', '平面直角坐标系', NULL, '2025-10-03 15:15:14', NULL, '2025-10-03 15:15:14', NULL);
INSERT INTO `edu_question` VALUES (1974001927466979345, '000000', 1974008748755849218, '2', '下列说法中，正确的有？', '{\"A\": \"-a 一定是负数\", \"B\": \"倒数等于本身的数是1和-1\", \"C\": \"绝对值最小的数是0\", \"D\": \"任何有理数的平方都是正数\"}', 'B,C', 'A项错误，当a是负数时，-a是正数。B项正确，1的倒数是1，-1的倒数是-1。C项正确，|x|≥0，所以最小值为0。D项错误，0的平方是0，不是正数。', '3', 3.00, '0', '有理数综合', NULL, '2025-10-03 15:15:14', NULL, '2025-10-03 15:15:14', NULL);
INSERT INTO `edu_question` VALUES (1974001927466979346, '000000', 1974008748755849218, '1', '一个正方体的表面展开图不可能是下列哪个图形？', '{\"A\": \"一四一型\", \"B\": \"二三一型\", \"C\": \"三三型\", \"D\": \"田字型\"}', 'D', '正方体展开图有“一四一”、“二三一”、“三三”、“二二二”等11种基本类型。“田字型”折叠后会有两个面重叠，无法构成正方体。', '2', 2.00, '0', '几何体展开图', NULL, '2025-10-03 15:15:14', NULL, '2025-10-03 15:15:14', NULL);
INSERT INTO `edu_question` VALUES (1974001927466979347, '000000', 1974008748755849218, '3', '过一点有且只有一条直线与已知直线平行。', '{\"A\": \"正确\", \"B\": \"错误\"}', 'B', '这个是平行公理，但它的前提是“在同一平面内，过直线外一点”。题目中没有“直线外”这个前提，如果该点在直线上，则没有直线与已知直线平行。所以描述不严谨，是错误的。', '3', 2.00, '0', '平行公理', NULL, '2025-10-03 15:15:14', NULL, '2025-10-03 15:15:14', NULL);
INSERT INTO `edu_question` VALUES (1974001927466979348, '000000', 1974008748755849218, '1', '去括号：a - (b - c) = ?', '{\"A\": \"a - b - c\", \"B\": \"a - b + c\", \"C\": \"a + b - c\", \"D\": \"a + b + c\"}', 'B', '括号前是减号，去括号时，括号内的各项都要变号。所以 a - (b - c) = a - b + c。', '1', 2.00, '0', '整式加减-去括号', NULL, '2025-10-03 15:15:14', NULL, '2025-10-03 15:15:14', NULL);
INSERT INTO `edu_question` VALUES (1974001927466979349, '000000', 1974008748755849218, '1', '一件商品打八折后的价格是80元，则这件商品的原价是？', '{\"A\": \"64元\", \"B\": \"96元\", \"C\": \"100元\", \"D\": \"120元\"}', 'C', '设原价为x元，则 0.8x = 80。解得 x = 80 / 0.8 = 100。', '2', 3.00, '0', '方程应用题', NULL, '2025-10-03 15:15:14', NULL, '2025-10-03 15:15:14', NULL);
INSERT INTO `edu_question` VALUES (1974001927466979350, '000000', 1974008748755849218, '2', '下列方程中，解为 x = 2 的有？', '{\"A\": \"x + 2 = 0\", \"B\": \"3x - 6 = 0\", \"C\": \"x/2 = 1\", \"D\": \"5 - x = 3\"}', 'B,C,D', 'A: x = -2。 B: 3x = 6, x = 2。 C: x = 1 * 2, x = 2。 D: 5 - 3 = x, x = 2。所以B, C, D正确。', '2', 3.00, '0', '方程的解', NULL, '2025-10-03 15:15:14', NULL, '2025-10-03 15:15:14', NULL);
INSERT INTO `edu_question` VALUES (1974001927466979351, '000000', 1974008748755849218, '3', '垂线段最短。', '{\"A\": \"正确\", \"B\": \"错误\"}', 'A', '这是垂线性质：直线外一点与直线上各点连接的所有线段中，垂线段最短。', '1', 2.00, '0', '垂线性质', NULL, '2025-10-03 15:15:14', NULL, '2025-10-03 15:15:14', NULL);
INSERT INTO `edu_question` VALUES (1974001927466979352, '000000', 1974008748755849218, '1', '(-2)³ 的计算结果是？', '{\"A\": \"-8\", \"B\": \"8\", \"C\": \"-6\", \"D\": \"6\"}', 'A', '(-2)³ = (-2) × (-2) × (-2) = 4 × (-2) = -8。', '1', 2.00, '0', '有理数乘方', NULL, '2025-10-03 15:15:14', NULL, '2025-10-03 15:15:14', NULL);
INSERT INTO `edu_question` VALUES (1974001927466979353, '000000', 1974008748755849218, '1', '若 x = 1 是关于 x 的方程 2x + m = 4 的解，则 m 的值是？', '{\"A\": \"1\", \"B\": \"2\", \"C\": \"3\", \"D\": \"-2\"}', 'B', '将 x = 1 代入方程得 2(1) + m = 4，即 2 + m = 4，解得 m = 2。', '2', 2.00, '0', '方程-求待定系数', NULL, '2025-10-03 15:15:14', NULL, '2025-10-03 15:15:14', NULL);
INSERT INTO `edu_question` VALUES (1974001927466979354, '000000', 1974008748755849218, '2', '下列调查方式中，适合采用普查的是？', '{\"A\": \"了解全国中学生的身高情况\", \"B\": \"检查一批灯泡的使用寿命\", \"C\": \"对某航班的乘客进行安检\", \"D\": \"了解某班级学生的数学成绩\"}', 'C,D', '普查是对全体对象进行调查。A和B的调查范围太大或具有破坏性，适合抽样调查。C和D的对象数量有限且需要对每一个体进行调查，适合普查。', '2', 3.00, '0', '数据调查', NULL, '2025-10-03 15:15:14', NULL, '2025-10-03 15:15:14', NULL);
INSERT INTO `edu_question` VALUES (1974001927466979355, '000000', 1974008748755849218, '3', '多项式 x² - 3x + 2 的常数项是 2。', '{\"A\": \"正确\", \"B\": \"错误\"}', 'A', '多项式中不含字母的项叫做常数项。在这个多项式中，x²是二次项，-3x是一次项，+2是常数项。', '1', 2.00, '0', '多项式概念', NULL, '2025-10-03 15:15:14', NULL, '2025-10-03 15:15:14', NULL);
INSERT INTO `edu_question` VALUES (1974001927466979356, '000000', 1974008748755849218, '1', '如图，直线a, b被直线c所截，若a∥b，∠1=60°，则∠2的度数是？', '{\"A\": \"30°\", \"B\": \"60°\", \"C\": \"120°\", \"D\": \"150°\"}', 'B', '（需要配图）分析：因为a∥b，所以∠1与∠2的对顶角是同位角，所以相等。又因为对顶角相等，所以∠2=∠1=60°。或者，∠1与∠2是内错角，根据“两直线平行，内错角相等”可得∠2=60°。', '2', 2.00, '0', '平行线性质-计算', NULL, '2025-10-03 15:15:14', NULL, '2025-10-03 15:15:14', NULL);
INSERT INTO `edu_question` VALUES (1974001927466979357, '000000', 1974008748755849218, '1', '在数轴上，表示-4的点与表示2的点的距离是？', '{\"A\": \"-2\", \"B\": \"2\", \"C\": \"-6\", \"D\": \"6\"}', 'D', '数轴上两点间的距离等于两点所表示的数的差的绝对值。|(-4) - 2| = |-6| = 6。', '2', 2.00, '0', '数轴-距离', NULL, '2025-10-03 15:15:14', NULL, '2025-10-03 15:15:14', NULL);
INSERT INTO `edu_question` VALUES (1974001927466979358, '000000', 1974008748755849218, '3', '代数式 5/x 是一个单项式。', '{\"A\": \"正确\", \"B\": \"错误\"}', 'B', '单项式的分母中不能含有字母。5/x 是分式，不是单项式，也不是多项式，因此不是整式。', '2', 2.00, '0', '整式概念', NULL, '2025-10-03 15:15:14', NULL, '2025-10-03 15:15:14', NULL);
INSERT INTO `edu_question` VALUES (1974001927466979359, '000000', 1974008748755849218, '1', '将方程 (x-1)/2 - x/3 = 1 去分母，正确的是？', '{\"A\": \"3(x-1) - 2x = 1\", \"B\": \"3x-1 - 2x = 6\", \"C\": \"3(x-1) - 2x = 6\", \"D\": \"3x-3 - 2x = 1\"}', 'C', '方程两边同时乘以分母的最小公倍数6。 (x-1)/2 * 6 = 3(x-1)；x/3 * 6 = 2x；1 * 6 = 6。所以原方程变为 3(x-1) - 2x = 6。', '3', 3.00, '0', '解方程-去分母', NULL, '2025-10-03 15:15:14', NULL, '2025-10-03 15:15:14', NULL);
INSERT INTO `edu_question` VALUES (1974001927466979360, '000000', 1974008748755849218, '1', '一个角的度数是35°30′，则它的余角的度数是？', '{\"A\": \"54°30′\", \"B\": \"54°70′\", \"C\": \"55°30′\", \"D\": \"144°30′\"}', 'A', '余角之和为90°。计算 90° - 35°30′。 90°可以写成 89°60′。所以 89°60′ - 35°30′ = (89-35)°(60-30)′ = 54°30′。', '2', 2.00, '0', '角度计算', NULL, '2025-10-03 15:15:14', NULL, '2025-10-03 15:15:14', NULL);

-- ----------------------------
-- Table structure for edu_question_bank
-- ----------------------------
DROP TABLE IF EXISTS `edu_question_bank`;
CREATE TABLE `edu_question_bank`  (
  `id` bigint NOT NULL AUTO_INCREMENT COMMENT '题库ID',
  `tenant_id` varchar(20) CHARACTER SET utf8mb4 COLLATE utf8mb4_0900_ai_ci NOT NULL COMMENT '租户编号',
  `bank_name` varchar(200) CHARACTER SET utf8mb4 COLLATE utf8mb4_0900_ai_ci NOT NULL COMMENT '题库名称',
  `bank_desc` varchar(1000) CHARACTER SET utf8mb4 COLLATE utf8mb4_0900_ai_ci NULL DEFAULT NULL COMMENT '题库描述',
  `category_id` bigint NOT NULL COMMENT '分类ID',
  `status` char(1) CHARACTER SET utf8mb4 COLLATE utf8mb4_0900_ai_ci NULL DEFAULT '0' COMMENT '状态（0正常 1停用）',
  `remark` varchar(500) CHARACTER SET utf8mb4 COLLATE utf8mb4_0900_ai_ci NULL DEFAULT NULL COMMENT '备注',
  `create_dept` bigint NULL DEFAULT NULL COMMENT '创建部门',
  `create_time` datetime NULL DEFAULT NULL COMMENT '创建时间',
  `create_by` bigint NULL DEFAULT NULL COMMENT '创建人',
  `update_time` datetime NULL DEFAULT NULL COMMENT '更新时间',
  `update_by` bigint NULL DEFAULT NULL COMMENT '更新人',
  PRIMARY KEY (`id`) USING BTREE
) ENGINE = InnoDB AUTO_INCREMENT = 1974008748755849219 CHARACTER SET = utf8mb4 COLLATE = utf8mb4_0900_ai_ci COMMENT = '题库表' ROW_FORMAT = Dynamic;

-- ----------------------------
-- Records of edu_question_bank
-- ----------------------------
INSERT INTO `edu_question_bank` VALUES (1972218357127794689, '000000', '测试题库', '123', 1, '0', NULL, 103, '2025-09-28 16:34:33', 1, '2025-09-29 21:04:39', 1);
INSERT INTO `edu_question_bank` VALUES (1973944395251740674, '000000', '初一1班语文', NULL, 1972292862084866050, '0', NULL, 103, '2025-10-03 10:53:13', 1, '2025-10-03 10:53:22', 1);
INSERT INTO `edu_question_bank` VALUES (1974008748755849218, '000000', '初一1班数学', NULL, 1972292880988594177, '0', NULL, 103, '2025-10-03 15:08:56', 1, '2025-10-03 15:08:56', 1);

-- ----------------------------
-- Table structure for edu_question_bank_category
-- ----------------------------
DROP TABLE IF EXISTS `edu_question_bank_category`;
CREATE TABLE `edu_question_bank_category`  (
  `id` bigint NOT NULL AUTO_INCREMENT COMMENT '分类ID',
  `tenant_id` varchar(20) CHARACTER SET utf8mb4 COLLATE utf8mb4_0900_ai_ci NOT NULL COMMENT '租户编号',
  `parent_id` bigint NULL DEFAULT 0 COMMENT '父级分类ID，根节点为0',
  `category_name` varchar(100) CHARACTER SET utf8mb4 COLLATE utf8mb4_0900_ai_ci NOT NULL COMMENT '分类名称',
  `category_desc` varchar(500) CHARACTER SET utf8mb4 COLLATE utf8mb4_0900_ai_ci NULL DEFAULT NULL COMMENT '分类描述',
  `sort_order` int NULL DEFAULT 0 COMMENT '排序',
  `status` char(1) CHARACTER SET utf8mb4 COLLATE utf8mb4_0900_ai_ci NULL DEFAULT '0' COMMENT '状态（0正常 1停用）',
  `remark` varchar(500) CHARACTER SET utf8mb4 COLLATE utf8mb4_0900_ai_ci NULL DEFAULT NULL COMMENT '备注',
  `create_dept` bigint NULL DEFAULT NULL COMMENT '创建部门',
  `create_time` datetime NULL DEFAULT NULL COMMENT '创建时间',
  `create_by` bigint NULL DEFAULT NULL COMMENT '创建人',
  `update_time` datetime NULL DEFAULT NULL COMMENT '更新时间',
  `update_by` bigint NULL DEFAULT NULL COMMENT '更新人',
  PRIMARY KEY (`id`) USING BTREE
) ENGINE = InnoDB AUTO_INCREMENT = 1972551817025511426 CHARACTER SET = utf8mb4 COLLATE = utf8mb4_0900_ai_ci COMMENT = '题库分类表' ROW_FORMAT = Dynamic;

-- ----------------------------
-- Records of edu_question_bank_category
-- ----------------------------
INSERT INTO `edu_question_bank_category` VALUES (1, '000000', 0, '题库分类', NULL, 0, '0', NULL, 103, '2025-09-28 16:09:40', 1, '2025-09-28 16:09:40', 1);
INSERT INTO `edu_question_bank_category` VALUES (1972292834104664065, '000000', 0, '初一', NULL, 1, '0', NULL, 103, '2025-09-28 21:30:30', 1, '2025-09-28 21:46:02', 1);
INSERT INTO `edu_question_bank_category` VALUES (1972292862084866050, '000000', 1972292834104664065, '语文', NULL, 1, '0', NULL, 103, '2025-09-28 21:30:36', 1, '2025-09-28 21:49:49', 1);
INSERT INTO `edu_question_bank_category` VALUES (1972292880988594177, '000000', 1972292834104664065, '数学', NULL, 2, '0', NULL, 103, '2025-09-28 21:30:41', 1, '2025-09-28 21:49:38', 1);

SET FOREIGN_KEY_CHECKS = 1;
